review,rating,review_length,clean_review,processed_review,Sentiment,Negative_Flag,Predicted_Flag,Complaint Type,Severity,Severity Label,Suggested Action
I lost Instagram so much,5,24,i lost instagram so much,lost instagram much,Negative,0,1,Unstructured Negative Feedback,1,Minor,NORMAL PRIORITY: Manual review required.
grtk aap,5,8,grtk aap,grtk aap,Negative,0,1,Unstructured Negative Feedback,1,Minor,NORMAL PRIORITY: Manual review required.
very good,5,9,very good,good,Positive,0,0,No Complaint,0,No Issue,No Action Needed
just made an account. got accused of being a bot within a few days of using the app and no longer aloud back into my account,1,124,just made an account got accused of being a bot within a few days of using the app and no longer aloud back into my account,made account got accused bot within days using app longer aloud back account,Negative,1,1,Account Access Issue,1,Minor,NORMAL PRIORITY: Escalate to Account Security Team for verification.
great app for content,5,21,great app for content,great app content,Positive,0,0,No Complaint,0,No Issue,No Action Needed
super,5,5,super,super,Positive,0,0,No Complaint,0,No Issue,No Action Needed
I only use it because it's the platform you can find the most people in,1,71,i only use it because its the platform you can find the most people in,use platform find people,Negative,1,1,Unstructured Negative Feedback,1,Minor,NORMAL PRIORITY: Manual review required.
à¤¬à¥‡à¤¸à¥à¤Ÿ instagram,5,15,à¤¬à¥‡à¤¸à¥à¤Ÿ instagram,à¤¬à¥‡à¤¸à¥à¤Ÿ instagram,Negative,0,1,Unstructured Negative Feedback,1,Minor,NORMAL PRIORITY: Manual review required.
to good app,4,11,to good app,good app,Positive,0,0,No Complaint,0,No Issue,No Action Needed
good ğŸ‘,5,6,good ğŸ‘,good ğŸ‘,Positive,0,0,No Complaint,0,No Issue,No Action Needed
great experience,5,16,great experience,great experience,Positive,0,0,No Complaint,0,No Issue,No Action Needed
instagram is astonishing,5,24,instagram is astonishing,instagram astonishing,Positive,0,0,No Complaint,0,No Issue,No Action Needed
ğŸ’,5,1,ğŸ’,ğŸ’,Negative,0,1,Unstructured Negative Feedback,1,Minor,NORMAL PRIORITY: Manual review required.
best app ever,5,13,best app ever,best app ever,Positive,0,0,No Complaint,0,No Issue,No Action Needed
excellent ğŸ‘Œ,5,11,excellent ğŸ‘Œ,excellent ğŸ‘Œ,Positive,0,0,No Complaint,0,No Issue,No Action Needed
ok,5,2,ok,ok,Positive,0,0,No Complaint,0,No Issue,No Action Needed
very Good ğŸ˜Š,5,11,very good ğŸ˜Š,good ğŸ˜Š,Positive,0,0,No Complaint,0,No Issue,No Action Needed
Dinesh salam27,4,14,dinesh salam,dinesh salam,Positive,0,0,No Complaint,0,No Issue,No Action Needed
i am changing the review from 5 to 2 star ad chalana sahi h lekin kis company kaa add chala rahe ho woh imp h agar aapko paise mil rahe h toh matlab nahi har app kaa add chalao paisa loaner app iska add dekha and maine apply Kiya ye ek scam app hai inhone meri personal information hack ki and paise maang rahe h sabb instagram add ke wajah se pakistan se call aa rahe h abb paise ke liye aur woh mere ghar waalo ke nude pics bhejne ki dhamki de rah h fraud people plz verify before u run such ads,2,497,i am changing the review from  to  star ad chalana sahi h lekin kis company kaa add chala rahe ho woh imp h agar aapko paise mil rahe h toh matlab nahi har app kaa add chalao paisa loaner app iska add dekha and maine apply kiya ye ek scam app hai inhone meri personal information hack ki and paise maang rahe h sabb instagram add ke wajah se pakistan se call aa rahe h abb paise ke liye aur woh mere ghar waalo ke nude pics bhejne ki dhamki de rah h fraud people plz verify before u run such ads,changing review star ad chalana sahi h lekin kis company kaa add chala rahe ho woh imp h agar aapko paise mil rahe h toh matlab nahi har app kaa add chalao paisa loaner app iska add dekha maine apply kiya ye ek scam app hai inhone meri personal information hack ki paise maang rahe h sabb instagram add ke wajah se pakistan se call aa rahe h abb paise ke liye aur woh mere ghar waalo ke nude pics bhejne ki dhamki de rah h fraud people plz verify u run ads,Negative,1,1,Feature Issue,1,Minor,NORMAL PRIORITY: Forward to Product Team for feature review.
ok,5,2,ok,ok,Positive,0,0,No Complaint,0,No Issue,No Action Needed
"I'm not at all happy with the update. This location option is completely incorrect. Any family member, friend, or life partner can find us by location. There should be this much privacy on Instagram. But if someone uses their ID secretly from family or anyone else, downloading their information is wrong. Everyone, privacy message. What does it mean if a deleted message gets downloaded on Instagram? Please delete the heart of the downloaded message, this is not right, it can break many relatio",5,497,im not at all happy with the update this location option is completely incorrect any family member friend or life partner can find us by location there should be this much privacy on instagram but if someone uses their id secretly from family or anyone else downloading their information is wrong everyone privacy message what does it mean if a deleted message gets downloaded on instagram please delete the heart of the downloaded message this is not right it can break many relatio,im happy update location option completely incorrect family member friend life partner find us location much privacy instagram someone uses id secretly family anyone else downloading information wrong everyone privacy message mean deleted message gets downloaded instagram please delete heart downloaded message right break many relatio,Negative,0,1,Feature Issue,3,Critical,CRITICAL - Immediate Action: Forward to Product Team for feature review.
good app,5,8,good app,good app,Positive,0,0,No Complaint,0,No Issue,No Action Needed
i just want to say it's amazing... i thought it would be bold app for children but its very safe and secure for everyone,5,120,i just want to say its amazing i thought it would be bold app for children but its very safe and secure for everyone,want say amazing thought would bold app children safe secure everyone,Positive,0,0,No Complaint,0,No Issue,No Action Needed
yes on,5,6,yes on,yes,Positive,0,0,No Complaint,0,No Issue,No Action Needed
good instagram,5,14,good instagram,good instagram,Positive,0,0,No Complaint,0,No Issue,No Action Needed
"Here's another Update to Reddit (153MB update) without giving any idea whatsoever as to what this update is or will do . Nothing! Even if it is the regular, fixed bugs, etc. IDK, something... I enjoy the app, but come on, what's the problem?",3,241,heres another update to reddit mb update without giving any idea whatsoever as to what this update is or will do  nothing even if it is the regular fixed bugs etc idk something i enjoy the app but come on whats the problem,heres another update reddit mb update without giving idea whatsoever update nothing even regular fixed bugs etc idk something enjoy app come whats problem,Negative,0,1,Unstructured Negative Feedback,2,Moderate,HIGH PRIORITY: Manual review required.
open Instagram account,3,22,open instagram account,open instagram account,Positive,0,0,No Complaint,0,No Issue,No Action Needed
One of the best app,5,19,one of the best app,one best app,Positive,0,0,No Complaint,0,No Issue,No Action Needed
AMAZING,5,7,amazing,amazing,Positive,0,0,No Complaint,0,No Issue,No Action Needed
too much addiction,1,18,too much addiction,much addiction,Negative,1,1,Unstructured Negative Feedback,1,Minor,NORMAL PRIORITY: Manual review required.
good,5,4,good,good,Positive,0,0,No Complaint,0,No Issue,No Action Needed
Vkask,1,5,vkask,vkask,Positive,1,0,No Complaint,0,No Issue,No Action Needed
Great app,5,9,great app,great app,Positive,0,0,No Complaint,0,No Issue,No Action Needed
ğŸ˜˜ğŸ˜˜ğŸ˜˜ğŸ˜˜ğŸ˜˜,5,5,ğŸ˜˜ğŸ˜˜ğŸ˜˜ğŸ˜˜ğŸ˜˜,ğŸ˜˜ğŸ˜˜ğŸ˜˜ğŸ˜˜ğŸ˜˜,Negative,0,1,Unstructured Negative Feedback,1,Minor,NORMAL PRIORITY: Manual review required.
dont download they are Banning withiut reason,1,45,dont download they are banning withiut reason,dont download banning withiut reason,Negative,1,1,Account Access Issue,3,Critical,CRITICAL - Immediate Action: Escalate to Account Security Team for verification.
please follow Active time as like whatsapp,3,42,please follow active time as like whatsapp,please follow active time like whatsapp,Positive,0,0,No Complaint,0,No Issue,No Action Needed
"Deleted it, like every other Meta app including my accounts. See you on the other side of Fediverse and OSS.",1,108,deleted it like every other meta app including my accounts see you on the other side of fediverse and oss,deleted like every meta app including accounts see side fediverse oss,Negative,1,1,Account Access Issue,1,Minor,NORMAL PRIORITY: Escalate to Account Security Team for verification.
"thus is very good app in this aao we see reels,posts and etc",5,60,thus is very good app in this aao we see reelsposts and etc,thus good app aao see reelsposts etc,Positive,0,0,No Complaint,0,No Issue,No Action Needed
nakikita KO Yung. mga ibang artista,5,35,nakikita ko yung mga ibang artista,nakikita ko yung mga ibang artista,Negative,0,1,Account Access Issue,3,Critical,CRITICAL - Immediate Action: Escalate to Account Security Team for verification.
ok,5,2,ok,ok,Positive,0,0,No Complaint,0,No Issue,No Action Needed
love it!,5,8,love it,love,Positive,0,0,No Complaint,0,No Issue,No Action Needed
and I need more edits followers,5,31,and i need more edits followers,need edits followers,Negative,0,1,Feature Issue,1,Minor,NORMAL PRIORITY: Forward to Product Team for feature review.
so nice this app huys ğŸ˜€,5,23,so nice this app huys ğŸ˜€,nice app huys ğŸ˜€,Positive,0,0,No Complaint,0,No Issue,No Action Needed
Godd App I am chill on this app,5,31,godd app i am chill on this app,godd app chill app,Negative,0,1,Unstructured Negative Feedback,1,Minor,NORMAL PRIORITY: Manual review required.
nice,5,4,nice,nice,Positive,0,0,No Complaint,0,No Issue,No Action Needed
good day Instagram,5,18,good day instagram,good day instagram,Positive,0,0,No Complaint,0,No Issue,No Action Needed
Mera pura jindagi jhand kar diya Instagram ne,5,45,mera pura jindagi jhand kar diya instagram ne,mera pura jindagi jhand kar diya instagram ne,Negative,0,1,Unstructured Negative Feedback,1,Minor,NORMAL PRIORITY: Manual review required.
best,5,4,best,best,Positive,0,0,No Complaint,0,No Issue,No Action Needed
Very bad app.Girls always block me whenever I propose to them.Please remove the block option first ğŸ˜‚,1,100,very bad appgirls always block me whenever i propose to themplease remove the block option first ğŸ˜‚,bad appgirls always block whenever propose themplease remove block option first ğŸ˜‚,Negative,1,1,Unstructured Negative Feedback,1,Minor,NORMAL PRIORITY: Manual review required.
"i would like to inform you that my account has been suspended without any proper reason...I've been trying in many ways by producing I'd proofs too ... kindly recover my account back it's a humble request ğŸ™...... I've been trying to reach you but this the only way leftover for me, please requesting you to appeal my account (chandanareddy.01) posting here cuz atleast there'll be some hoping response from yours side",1,417,i would like to inform you that my account has been suspended without any proper reasonive been trying in many ways by producing id proofs too  kindly recover my account back its a humble request ğŸ™ ive been trying to reach you but this the only way leftover for me please requesting you to appeal my account chandanareddy posting here cuz atleast therell be some hoping response from yours side,would like inform account suspended without proper reasonive trying many ways producing id proofs kindly recover account back humble request ğŸ™ ive trying reach way leftover please requesting appeal account chandanareddy posting cuz atleast therell hoping response side,Negative,1,1,Account Access Issue,1,Minor,NORMAL PRIORITY: Escalate to Account Security Team for verification.
very very nice â¤ï¸â¤ï¸â¤ï¸,5,21,very very nice â¤ï¸â¤ï¸â¤ï¸,nice â¤ï¸â¤ï¸â¤ï¸,Positive,0,0,No Complaint,0,No Issue,No Action Needed
don't see me another people like reel,1,37,dont see me another people like reel,dont see another people like reel,Negative,1,1,Unstructured Negative Feedback,1,Minor,NORMAL PRIORITY: Manual review required.
Add save video option and also dislike option Can you add mini games,4,68,add save video option and also dislike option can you add mini games,add save video option also dislike option add mini games,Negative,0,1,Unstructured Negative Feedback,1,Minor,NORMAL PRIORITY: Manual review required.
we bhi ewzs,3,11,we bhi ewzs,bhi ewzs,Negative,0,1,Unstructured Negative Feedback,1,Minor,NORMAL PRIORITY: Manual review required.
You,5,3,you,,Positive,0,0,No Complaint,0,No Issue,No Action Needed
"Dear Instagram Support Team, My Instagram account (._gautamgoyalll) has been disabled due to Community Standards. I believe it was a mistake and would like to request a review. Please help me understand what happened and if there's anything I can do to resolve this. Thanks, [Gautam goyal]",5,289,dear instagram support team my instagram account gautamgoyalll has been disabled due to community standards i believe it was a mistake and would like to request a review please help me understand what happened and if theres anything i can do to resolve this thanks gautam goyal,dear instagram support team instagram account gautamgoyalll disabled due community standards believe mistake would like request review please help understand happened theres anything resolve thanks gautam goyal,Negative,0,1,Account Access Issue,1,Minor,NORMAL PRIORITY: Escalate to Account Security Team for verification.
Nice,5,4,nice,nice,Positive,0,0,No Complaint,0,No Issue,No Action Needed
"You can't get access to your account once you lose your device. How can you tell me to use my previously logged in device, yet it's stolen. I don't have it. Yet I know my account credentials and have all the recovery details (email+phone number) with me",1,253,you cant get access to your account once you lose your device how can you tell me to use my previously logged in device yet its stolen i dont have it yet i know my account credentials and have all the recovery details emailphone number with me,cant get access account lose device tell use previously logged device yet stolen dont yet know account credentials recovery details emailphone number,Negative,1,1,Account Access Issue,1,Minor,NORMAL PRIORITY: Escalate to Account Security Team for verification.
why you disabled my account again and again I don't unfollow your committee guidline worst app please solve my problem I can't use my insta acc,1,143,why you disabled my account again and again i dont unfollow your committee guidline worst app please solve my problem i cant use my insta acc,disabled account dont unfollow committee guidline worst app please solve problem cant use insta acc,Negative,1,1,Account Access Issue,3,Critical,CRITICAL - Immediate Action: Escalate to Account Security Team for verification.
is nice it helps me with my work,3,32,is nice it helps me with my work,nice helps work,Positive,0,0,No Complaint,0,No Issue,No Action Needed
good,5,4,good,good,Positive,0,0,No Complaint,0,No Issue,No Action Needed
don't use GNG,1,13,dont use gng,dont use gng,Negative,1,1,Unstructured Negative Feedback,1,Minor,NORMAL PRIORITY: Manual review required.
ğŸ˜,5,1,ğŸ˜,ğŸ˜,Negative,0,1,Unstructured Negative Feedback,1,Minor,NORMAL PRIORITY: Manual review required.
This is a great and amazing app .,5,33,this is a great and amazing app,great amazing app,Positive,0,0,No Complaint,0,No Issue,No Action Needed
awesome,5,7,awesome,awesome,Positive,0,0,No Complaint,0,No Issue,No Action Needed
keeps drifting me away from the subject,3,39,keeps drifting me away from the subject,keeps drifting away subject,Positive,0,0,No Complaint,0,No Issue,No Action Needed
somebod stel accont,4,19,somebod stel accont,somebod stel accont,Negative,0,1,Unstructured Negative Feedback,1,Minor,NORMAL PRIORITY: Manual review required.
soo many glitches in,1,20,soo many glitches in,soo many glitches,Negative,1,1,Unstructured Negative Feedback,1,Minor,NORMAL PRIORITY: Manual review required.
Good,5,4,good,good,Positive,0,0,No Complaint,0,No Issue,No Action Needed
"EDIT: currently, the algorithm has become 10 times worse that it already was before. i have 10.7k followers, yet i get no visibility on my post. I used to get 1500 likes on every post before, but now i barely get 500 likes even lower than that. Instagram has gone way downhill. All those fake photos and AI videos and pics are getting thousands of likes. This app has become an advertisement show, my feed is filled with reels and posts of people i don't even follow. 0 stars!!",1,477,edit currently the algorithm has become  times worse that it already was before i have k followers yet i get no visibility on my post i used to get  likes on every post before but now i barely get  likes even lower than that instagram has gone way downhill all those fake photos and ai videos and pics are getting thousands of likes this app has become an advertisement show my feed is filled with reels and posts of people i dont even follow  stars,edit currently algorithm become times worse already k followers yet get visibility post used get likes every post barely get likes even lower instagram gone way downhill fake photos ai videos pics getting thousands likes app become advertisement show feed filled reels posts people dont even follow stars,Negative,1,1,Feature Issue,1,Minor,NORMAL PRIORITY: Forward to Product Team for feature review.
"Dear Parents, Swimmers, and Friends, We are excited to officially welcome you to our April Holiday Swimming Program! This season is all about building confidence, improving skills, staying active, and having fun in the water. Whether you are a beginner learning to float or an advanced swimmer sharpening your strokes, this program is designed to help every swimmer grow stronger, safer, and more confident. At Aqua Haven Swim Ke, we focus on: âœ… Water safety skills âœ… Stroke improvement âœ… Confidence",5,499,dear parents swimmers and friends we are excited to officially welcome you to our april holiday swimming program this season is all about building confidence improving skills staying active and having fun in the water whether you are a beginner learning to float or an advanced swimmer sharpening your strokes this program is designed to help every swimmer grow stronger safer and more confident at aqua haven swim ke we focus on âœ… water safety skills âœ… stroke improvement âœ… confidence,dear parents swimmers friends excited officially welcome april holiday swimming program season building confidence improving skills staying active fun water whether beginner learning float advanced swimmer sharpening strokes program designed help every swimmer grow stronger safer confident aqua swim ke focus âœ… water safety skills âœ… stroke improvement âœ… confidence,Positive,0,0,No Complaint,0,No Issue,No Action Needed
ji cc BB BB h bhu uu,5,20,ji cc bb bb h bhu uu,ji cc bb bb h bhu uu,Negative,0,1,Unstructured Negative Feedback,1,Minor,NORMAL PRIORITY: Manual review required.
Great ğŸ‘,5,7,great ğŸ‘,great ğŸ‘,Positive,0,0,No Complaint,0,No Issue,No Action Needed
idk man it so kak ur poes,4,25,idk man it so kak ur poes,idk man kak ur poes,Negative,0,1,Unstructured Negative Feedback,1,Minor,NORMAL PRIORITY: Manual review required.
giving ad by end of the reel pathetic,1,37,giving ad by end of the reel pathetic,giving ad end reel pathetic,Negative,1,1,Unstructured Negative Feedback,1,Minor,NORMAL PRIORITY: Manual review required.
good app,5,8,good app,good app,Positive,0,0,No Complaint,0,No Issue,No Action Needed
Sorry,1,5,sorry,sorry,Negative,1,1,Unstructured Negative Feedback,1,Minor,NORMAL PRIORITY: Manual review required.
amazing picture,5,15,amazing picture,amazing picture,Positive,0,0,No Complaint,0,No Issue,No Action Needed
nice,5,4,nice,nice,Positive,0,0,No Complaint,0,No Issue,No Action Needed
good apps,5,9,good apps,good apps,Positive,0,0,No Complaint,0,No Issue,No Action Needed
nice,5,4,nice,nice,Positive,0,0,No Complaint,0,No Issue,No Action Needed
great app,5,9,great app,great app,Positive,0,0,No Complaint,0,No Issue,No Action Needed
Nirmala 1367 s,4,14,nirmala  s,nirmala,Positive,0,0,No Complaint,0,No Issue,No Action Needed
Hey teen instagram My instagram account profile music option not showing please solve this problem,1,98,hey teen instagram my instagram account profile music option not showing please solve this problem,hey teen instagram instagram account profile music option showing please solve problem,Negative,1,1,Account Access Issue,2,Moderate,HIGH PRIORITY: Escalate to Account Security Team for verification.
I absolutely loved this app ğŸ˜­ğŸ’—,5,30,i absolutely loved this app ğŸ˜­ğŸ’—,absolutely loved app ğŸ˜­ğŸ’—,Positive,0,0,No Complaint,0,No Issue,No Action Needed
get a gf and you will get broken up,5,35,get a gf and you will get broken up,get gf get broken,Negative,0,1,Unstructured Negative Feedback,1,Minor,NORMAL PRIORITY: Manual review required.
good,5,4,good,good,Positive,0,0,No Complaint,0,No Issue,No Action Needed
this is my favourite aap ğŸ§¿âœ¨,4,27,this is my favourite aap ğŸ§¿âœ¨,favourite aap ğŸ§¿âœ¨,Positive,0,0,No Complaint,0,No Issue,No Action Needed
idk it's been my go to app for as long as I can member,5,54,idk its been my go to app for as long as i can member,idk go app long member,Negative,0,1,Unstructured Negative Feedback,1,Minor,NORMAL PRIORITY: Manual review required.
Amazing ğŸ¤© app and features,4,26,amazing ğŸ¤© app and features,amazing ğŸ¤© app features,Positive,0,0,No Complaint,0,No Issue,No Action Needed
good,5,4,good,good,Positive,0,0,No Complaint,0,No Issue,No Action Needed
Very time vest,3,14,very time vest,time vest,Positive,0,0,No Complaint,0,No Issue,No Action Needed
I love this experience I really like it,5,39,i love this experience i really like it,love experience really like,Positive,0,0,No Complaint,0,No Issue,No Action Needed
i connect with my friend easily. that is good .,5,47,i connect with my friend easily that is good,connect friend easily good,Positive,0,0,No Complaint,0,No Issue,No Action Needed
not working properly,1,20,broken properly,broken properly,Negative,1,1,Unstructured Negative Feedback,2,Moderate,HIGH PRIORITY: Manual review required.
"Instagram suspended my account and when I created another account, that was also suspended. Neither did I do anything wrong nor did I break any rules and regulations, still the account was suspended.Going to uninstall the app",1,225,instagram suspended my account and when i created another account that was also suspended neither did i do anything wrong nor did i break any rules and regulations still the account was suspendedgoing to uninstall the app,instagram suspended account created another account also suspended neither anything wrong break rules regulations still account suspendedgoing uninstall app,Negative,1,1,Account Access Issue,1,Minor,NORMAL PRIORITY: Escalate to Account Security Team for verification.
Very fine,5,9,very fine,fine,Positive,0,0,No Complaint,0,No Issue,No Action Needed
"You need to let people put a limit on how long they can scroll reels for, like YouTube has done with shorts.",1,108,you need to let people put a limit on how long they can scroll reels for like youtube has done with shorts,need let people put limit long scroll reels like youtube done shorts,Negative,1,1,Feature Issue,1,Minor,NORMAL PRIORITY: Forward to Product Team for feature review.
worst application ever seen login issue,1,39,worst application ever seen login issue,worst application ever seen login issue,Negative,1,1,Emotional Dissatisfaction,3,Critical,CRITICAL - Immediate Action: Manual review required.
I love this app it helps me and my friends get aloneğŸ˜ğŸ˜ƒ,5,54,i love this app it helps me and my friends get aloneğŸ˜ğŸ˜ƒ,love app helps friends get aloneğŸ˜ğŸ˜ƒ,Positive,0,0,No Complaint,0,No Issue,No Action Needed
super good,5,10,super good,super good,Positive,0,0,No Complaint,0,No Issue,No Action Needed
love it!,5,8,love it,love,Positive,0,0,No Complaint,0,No Issue,No Action Needed
Ø®ÛŒÙ„ÛŒ Ø¹Ø§Ù„ÛŒÙ‡Ûµ Ø³ØªØ§Ø±Ù‡ Ø®ÛŒÙ„ÛŒ Ú©Ù…Ù‡ Ø§ÛŒÙ† Ø®ÙˆØ¨Ù‡ ÛµÛ°Û°Û°Û°Û°Û°Û°Û°Û°Û°Û°Û°Û°Û°Û°Û°Û°Û°Û°Û°Û°Û°Û°Û°Û°Û°Û°Û°Û°Û°Û°Û°Û°Û°Û°Û°Û°Û°Û°Û°Û°Û°Û°Û°Û°Û°Û°Û°Û°Û°Û°Û°Û°Û°Û°Û°Û°Û°Û°Û°Û°Û°Û°Û°Û°Û°Û°Û°Û°Û°Û°Û°Û°Û°Û°Û°Û°Û°Û°Û°Û°Û°Û°Û°Û°Û°Û°Û°Û°Û°Û°Û°Û°Û°Û°Û°Û°Û°Û°Û°Û°Û°Û°Û°Û°Û°Û°Û°Û°Û°Û°Û°Û°Û°Û°Û°,5,153,Ø®ÛŒÙ„ÛŒ Ø¹Ø§Ù„ÛŒÙ‡ Ø³ØªØ§Ø±Ù‡ Ø®ÛŒÙ„ÛŒ Ú©Ù…Ù‡ Ø§ÛŒÙ† Ø®ÙˆØ¨Ù‡,Ø®ÛŒÙ„ÛŒ Ø¹Ø§Ù„ÛŒÙ‡ Ø³ØªØ§Ø±Ù‡ Ø®ÛŒÙ„ÛŒ Ú©Ù…Ù‡ Ø§ÛŒÙ† Ø®ÙˆØ¨Ù‡,Positive,0,0,No Complaint,0,No Issue,No Action Needed
"Instagram music feature is not working properly. The song plays, but the lyrics stop halfway and do not show completely. Sometimes lyrics donâ€™t appear at all. I have updated the app and checked my internet connection, but the issue is still there. Please fix this bug as soon as possible. Thank you.",1,299,instagram music feature is broken properly the song plays but the lyrics stop halfway and do not show completely sometimes lyrics donâ€™t appear at all i have updated the app and checked my internet connection but the issue is still there please fix this bug as soon as possible thank you,instagram music feature broken properly song plays lyrics stop halfway show completely sometimes lyrics â€™ appear updated app checked internet connection issue still please fix bug soon possible thank,Negative,1,1,Unstructured Negative Feedback,2,Moderate,HIGH PRIORITY: Manual review required.
aniketsonvna,5,12,aniketsonvna,aniketsonvna,Positive,0,0,No Complaint,0,No Issue,No Action Needed
my account is disabled for last one month i appealled still no response ..... itz wrost to delete some account using for almost 10 years ..... such a bad app to these things,1,173,my account is disabled for last one month i appealled still no response  itz wrost to delete some account using for almost  years  such a bad app to these things,account disabled last one month appealled still response itz wrost delete account using almost years bad app things,Negative,1,1,Account Access Issue,1,Minor,NORMAL PRIORITY: Escalate to Account Security Team for verification.
Don,5,3,don,,Positive,0,0,No Complaint,0,No Issue,No Action Needed
i love using IG,5,15,i love using ig,love using ig,Positive,0,0,No Complaint,0,No Issue,No Action Needed
great,5,5,great,great,Positive,0,0,No Complaint,0,No Issue,No Action Needed
good for business startup.apprrciate the details,5,48,good for business startupapprrciate the details,good business startupapprrciate details,Positive,0,0,No Complaint,0,No Issue,No Action Needed
it is very gorgeous platform for me,5,35,it is very gorgeous platform for me,gorgeous platform,Positive,0,0,No Complaint,0,No Issue,No Action Needed
â­â­â­â­â­,5,5,â­â­â­â­â­,â­â­â­â­â­,Negative,0,1,Unstructured Negative Feedback,1,Minor,NORMAL PRIORITY: Manual review required.
"Everything else is fine, but for some reason I don't have access to the story commenting feature, have also reported this issue several times but have not seen any improvements. Instagram please fix this soon.",2,209,everything else is fine but for some reason i dont have access to the story commenting feature have also reported this issue several times but have not seen any improvements instagram please fix this soon,everything else fine reason dont access story commenting feature also reported issue several times seen improvements instagram please fix soon,Negative,1,1,Unstructured Negative Feedback,2,Moderate,HIGH PRIORITY: Manual review required.
chal,4,4,chal,chal,Negative,0,1,Unstructured Negative Feedback,1,Minor,NORMAL PRIORITY: Manual review required.
bhot acha hai instagram,5,23,bhot acha hai instagram,bhot acha hai instagram,Negative,0,1,Unstructured Negative Feedback,1,Minor,NORMAL PRIORITY: Manual review required.
"Dear Instagram Team, I am writing to express my disappointment and concern regarding the sudden drop in reach on my account. I am consistently creating original and high-quality content, including original audio reels. However, my own reel received only around 1,000 views, while other users who used my original audio have received more than 100,000 views. This situation is very discouraging and unfortunate. It feels unfair that the creator of the original content is not getting proper reach, whi",5,500,dear instagram team i am writing to express my disappointment and concern regarding the sudden drop in reach on my account i am consistently creating original and highquality content including original audio reels however my own reel received only around  views while other users who used my original audio have received more than  views this situation is very discouraging and unfortunate it feels unfair that the creator of the original content is not getting proper reach whi,dear instagram team writing express disappointment concern regarding sudden drop reach account consistently creating original highquality content including original audio reels however reel received around views users used original audio received views situation discouraging unfortunate feels unfair creator original content getting proper reach whi,Negative,0,1,Account Access Issue,1,Minor,NORMAL PRIORITY: Escalate to Account Security Team for verification.
i love this appp,5,16,i love this appp,love appp,Positive,0,0,No Complaint,0,No Issue,No Action Needed
good,5,4,good,good,Positive,0,0,No Complaint,0,No Issue,No Action Needed
ğŸ‘‰ğŸ‘©â€â¤ï¸â€ğŸ‘¨ğŸ‘ˆ,5,8,ğŸ‘‰ğŸ‘©â€â¤ï¸â€ğŸ‘¨ğŸ‘ˆ,ğŸ‘‰ğŸ‘©â€â¤ï¸â€ğŸ‘¨ğŸ‘ˆ,Negative,0,1,Unstructured Negative Feedback,1,Minor,NORMAL PRIORITY: Manual review required.
"Bro, give us a dislike button.",3,30,bro give us a dislike button,bro give us dislike button,Negative,0,1,Unstructured Negative Feedback,1,Minor,NORMAL PRIORITY: Manual review required.
superb,5,6,superb,superb,Positive,0,0,No Complaint,0,No Issue,No Action Needed
plzz increase my insta followers,5,32,plzz increase my insta followers,plzz increase insta followers,Positive,0,0,No Complaint,0,No Issue,No Action Needed
Me entretiene,5,13,me entretiene,entretiene,Positive,0,0,No Complaint,0,No Issue,No Action Needed
"best platform for me & my business, thank u @insta",5,50,best platform for me  my business thank u insta,best platform business thank u insta,Positive,0,0,No Complaint,0,No Issue,No Action Needed
WHAT HAPPENED TO THIS APP!? I have 500 plus people i follow that post often and yet every time I open the app its just a solid wall of ads and terrible suggested posts! I literally open it and have to click stop showing me this and I've seen too many ads recently on dozens of posts before I can see one of my friends posts! not to mention I have literally THOUSANDS of posts I have told instagram that I am interested in only for them to completely ignore it and show me whatever slop they want!,1,496,what happened to this app i have  plus people i follow that post often and yet every time i open the app its just a solid wall of ads and terrible suggested posts i literally open it and have to click stop showing me this and ive seen too many ads recently on dozens of posts before i can see one of my friends posts not to mention i have literally thousands of posts i have told instagram that i am interested in only for them to completely ignore it and show me whatever slop they want,happened app plus people follow post often yet every time open app solid wall ads terrible suggested posts literally open click stop showing ive seen many ads recently dozens posts see one friends posts mention literally thousands posts told instagram interested completely ignore show whatever slop want,Negative,1,1,Feature Issue,1,Minor,NORMAL PRIORITY: Forward to Product Team for feature review.
I love Instagram I come on here for all the new stuff sometimes it stress me out because you feel you got to keep up and I have gone broke trying to keep up lol,5,160,i love instagram i come on here for all the new stuff sometimes it stress me out because you feel you got to keep up and i have gone broke trying to keep up lol,love instagram come new stuff sometimes stress feel got keep gone broke trying keep lol,Negative,0,1,Unstructured Negative Feedback,1,Minor,NORMAL PRIORITY: Manual review required.
app are like poison for this generation.,1,40,app are like poison for this generation,app like poison generation,Negative,1,1,Unstructured Negative Feedback,1,Minor,NORMAL PRIORITY: Manual review required.
looking for ranch or a bungled.,4,31,looking for ranch or a bungled,looking ranch bungled,Negative,0,1,Unstructured Negative Feedback,1,Minor,NORMAL PRIORITY: Manual review required.
Bangam,5,6,bangam,bangam,Positive,0,0,No Complaint,0,No Issue,No Action Needed
ggood for entertainment,5,23,ggood for entertainment,ggood entertainment,Positive,0,0,No Complaint,0,No Issue,No Action Needed
"your system is so trash. even though I didn't do anything, I always get restricted. everytime I make a new account I get restricted without doing anything bruh.",1,160,your system is so trash even though i didnt do anything i always get restricted everytime i make a new account i get restricted without doing anything bruh,system trash even though didnt anything always get restricted everytime make new account get restricted without anything bruh,Negative,1,1,Account Access Issue,1,Minor,NORMAL PRIORITY: Escalate to Account Security Team for verification.
â¤ï¸â¤ï¸â¤ï¸â¤ï¸â¤ï¸,5,10,â¤ï¸â¤ï¸â¤ï¸â¤ï¸â¤ï¸,â¤ï¸â¤ï¸â¤ï¸â¤ï¸â¤ï¸,Negative,0,1,Unstructured Negative Feedback,1,Minor,NORMAL PRIORITY: Manual review required.
bast aap in enjoy every day,5,27,bast aap in enjoy every day,bast aap enjoy every day,Positive,0,0,No Complaint,0,No Issue,No Action Needed
"it's great,but the account is been taken down often",3,51,its greatbut the account is been taken down often,greatbut account taken often,Negative,0,1,Account Access Issue,1,Minor,NORMAL PRIORITY: Escalate to Account Security Team for verification.
a mon avis il faut trais amusant pour tout les Ã¢ge,5,50,a mon avis il faut trais amusant pour tout les Ã¢ge,mon avis il faut trais amusant pour tout les Ã¢ge,Positive,0,0,No Complaint,0,No Issue,No Action Needed
very very useful and time passing app,5,37,very very useful and time passing app,useful time passing app,Positive,0,0,No Complaint,0,No Issue,No Action Needed
best media,5,10,best media,best media,Positive,0,0,No Complaint,0,No Issue,No Action Needed
Very nice app ğŸ‘ŒğŸ‘ŒğŸ‘Œ,3,17,very nice app ğŸ‘ŒğŸ‘ŒğŸ‘Œ,nice app ğŸ‘ŒğŸ‘ŒğŸ‘Œ,Positive,0,0,No Complaint,0,No Issue,No Action Needed
"The Notifications could not even refreshed every time, Stories which I want to delete, some glitch happens everytime",1,116,the notifications could not even refreshed every time stories which i want to delete some glitch happens everytime,notifications could even refreshed every time stories want delete glitch happens everytime,Negative,1,1,Notification Issue,1,Minor,NORMAL PRIORITY: Check push notification service and server logs.
you know whatğŸ¤”.. people with no Instagram should be checked there brain percentages ğŸ˜ğŸ˜ğŸ˜ğŸ˜.. coz it's so awesome,5,110,you know whatğŸ¤” people with no instagram should be checked there brain percentages ğŸ˜ğŸ˜ğŸ˜ğŸ˜ coz its so awesome,know whatğŸ¤” people instagram checked brain percentages ğŸ˜ğŸ˜ğŸ˜ğŸ˜ coz awesome,Positive,0,0,No Complaint,0,No Issue,No Action Needed
"So many updates within the past few months. If they could stop changing it up so many times. I literally had to ask for help today to learn how to make a post as I had no idea where to even start due to things constantly changing. Please stop changing things up constantly. But overall love the app, love watching the Reels.",4,324,so many updates within the past few months if they could stop changing it up so many times i literally had to ask for help today to learn how to make a post as i had no idea where to even start due to things constantly changing please stop changing things up constantly but overall love the app love watching the reels,many updates within past months could stop changing many times literally ask help today learn make post idea even start due things constantly changing please stop changing things constantly overall love app love watching reels,Positive,0,0,No Complaint,0,No Issue,No Action Needed
"This app protects pedophiles. I've been sharing information and spreading word about the Epstein files. So they canceled my account here and on Facebook. So start taking note. The current regime WILL end. And we WILL remember who supported their evil. Trash like the developers at IG think they're immune. Lot's of fools think they're immune. Clocks ticking. Looks like TikTok for the win, cause they don't protect pedophiles. But Instagram does. So does Facebook.",1,464,this app protects pedophiles ive been sharing information and spreading word about the epstein files so they canceled my account here and on facebook so start taking note the current regime will end and we will remember who supported their evil trash like the developers at ig think theyre immune lots of fools think theyre immune clocks ticking looks like tiktok for the win cause they dont protect pedophiles but instagram does so does facebook,app protects pedophiles ive sharing information spreading word epstein files canceled account facebook start taking note current regime end remember supported evil trash like developers ig think theyre immune lots fools think theyre immune clocks ticking looks like tiktok win cause dont protect pedophiles instagram facebook,Negative,1,1,Account Access Issue,1,Minor,NORMAL PRIORITY: Escalate to Account Security Team for verification.
best,5,4,best,best,Positive,0,0,No Complaint,0,No Issue,No Action Needed
great App ever,5,14,great app ever,great app ever,Positive,0,0,No Complaint,0,No Issue,No Action Needed
amazing ğŸ˜,5,9,amazing ğŸ˜,amazing ğŸ˜,Positive,0,0,No Complaint,0,No Issue,No Action Needed
Mera account bar bar suspended ho raha hai.... login issue ho Raha hai..new account karti hu fir bhi login in password incorrect error ata hai,1,142,mera account bar bar suspended ho raha hai login issue ho raha hainew account karti hu fir bhi login in password incorrect error ata hai,mera account bar bar suspended ho raha hai login issue ho raha hainew account karti hu fir bhi login password incorrect error ata hai,Negative,1,1,Account Access Issue,2,Moderate,HIGH PRIORITY: Escalate to Account Security Team for verification.
fantastic,4,9,fantastic,fantastic,Positive,0,0,No Complaint,0,No Issue,No Action Needed
nice ğŸ’“ğŸ‘ŒğŸ»ğŸ€,5,9,nice ğŸ’“ğŸ‘ŒğŸ»ğŸ€,nice ğŸ’“ğŸ‘ŒğŸ»ğŸ€,Positive,0,0,No Complaint,0,No Issue,No Action Needed
Good,5,4,good,good,Positive,0,0,No Complaint,0,No Issue,No Action Needed
I like insta it is two good,5,27,i like insta it is two good,like insta two good,Positive,0,0,No Complaint,0,No Issue,No Action Needed
very smart app inlove instagram so much â¤ï¸â¤ï¸,5,44,very smart app inlove instagram so much â¤ï¸â¤ï¸,smart app inlove instagram much â¤ï¸â¤ï¸,Positive,0,0,No Complaint,0,No Issue,No Action Needed
Jakas.mast..kaddakk. .1  number..,5,33,jakasmastkaddakk   number,jakasmastkaddakk number,Negative,0,1,Unstructured Negative Feedback,1,Minor,NORMAL PRIORITY: Manual review required.
nice â¤ï¸â¤ï¸â¤ï¸â¤ï¸â¤ï¸,5,15,nice â¤ï¸â¤ï¸â¤ï¸â¤ï¸â¤ï¸,nice â¤ï¸â¤ï¸â¤ï¸â¤ï¸â¤ï¸,Positive,0,0,No Complaint,0,No Issue,No Action Needed
is good ğŸ‘,5,9,is good ğŸ‘,good ğŸ‘,Positive,0,0,No Complaint,0,No Issue,No Action Needed
nice,5,4,nice,nice,Positive,0,0,No Complaint,0,No Issue,No Action Needed
Excellent,5,9,excellent,excellent,Positive,0,0,No Complaint,0,No Issue,No Action Needed
"Instagram is the undisputed king of visual storytelling. While other platforms lean into text or professional networking, Instagram has mastered the art of the ""digital aesthetic,"" making it the go-to home for creators, brands, and anyone who wants their life to look just a little bit more polished. Pros: High-quality creative filters and editing tools. Excellent discovery engine for hobbies and interests. Cons: Can feel ""over-produced"" compared to newer, more casual apps.",5,477,instagram is the undisputed king of visual storytelling while other platforms lean into text or professional networking instagram has mastered the art of the digital aesthetic making it the goto home for creators brands and anyone who wants their life to look just a little bit more polished pros highquality creative filters and editing tools excellent discovery engine for hobbies and interests cons can feel overproduced compared to newer more casual apps,instagram undisputed king visual storytelling platforms lean text professional networking instagram mastered art digital aesthetic making goto home creators brands anyone wants life look little bit polished pros highquality creative filters editing tools excellent discovery engine hobbies interests cons feel overproduced compared newer casual apps,Positive,0,0,No Complaint,0,No Issue,No Action Needed
it's good and cool,5,18,its good and cool,good cool,Positive,0,0,No Complaint,0,No Issue,No Action Needed
deleted my only account since it came out. I had memories there.. I did everything I could and provided what they wanted yet no explanation just permanently closed. wow,1,168,deleted my only account since it came out i had memories there i did everything i could and provided what they wanted yet no explanation just permanently closed wow,deleted account since came memories everything could provided wanted yet explanation permanently closed wow,Negative,1,1,Account Access Issue,1,Minor,NORMAL PRIORITY: Escalate to Account Security Team for verification.
ğŸ¤¬âœŒğŸ¿,1,3,ğŸ¤¬âœŒğŸ¿,ğŸ¤¬âœŒğŸ¿,Negative,1,1,Unstructured Negative Feedback,1,Minor,NORMAL PRIORITY: Manual review required.
instagram was not update in my phn,1,34,instagram was not update in my phn,instagram update phn,Negative,1,1,Unstructured Negative Feedback,1,Minor,NORMAL PRIORITY: Manual review required.
ğŸ¥³ğŸ¥³ğŸ¥³ğŸ¥³ğŸ¥³ğŸ¥³ğŸ¥³ğŸ¥³ğŸ¥³ğŸ¥³ğŸ¥³ğŸ¥³ğŸ¥³ğŸ¥³ğŸ¥³ğŸ¥³ğŸ¥³ğŸ¥³ğŸ¥³ğŸ¥³ğŸ¥³ğŸ¥³ğŸ¥³ğŸ¥³ğŸ¥³ğŸ¥³ğŸ¥³ğŸ¥³ğŸ¥³ğŸ¥³ğŸ¥³ğŸ¥³ğŸ¥³ğŸ¥³ğŸ¥³ğŸ¥³ğŸ¥³ğŸ¥³ğŸ¥³ğŸ¥³ğŸ¥³ğŸ¥³ğŸ¥³ğŸ¥³ğŸ¥³ğŸ¥³ğŸ¥³ğŸ¥³ğŸ¥³ğŸ¥³ğŸ¥³ğŸ¥³ğŸ¥³ğŸ¥³ğŸ¥³ğŸ¥³ğŸ¥³ğŸ¥³ğŸ¥³ğŸ¥³ğŸ¥³ğŸ¥³ğŸ¥³ğŸ¥³ğŸ¥³ğŸ¥³ğŸ¥³ğŸ¥³ğŸ¥³ğŸ¥³ğŸ¥³ğŸ¥³ğŸ¥³ğŸ¥³ğŸ¥³ğŸ¥³ğŸ¥³ğŸ¥³ğŸ¥³ğŸ¥³ğŸ¥³ğŸ¥³ğŸ¥³ğŸ¥³ğŸ¥³ğŸ¥³ğŸ¥³ğŸ¥³ğŸ¥³ğŸ¥³ğŸ¥³ğŸ¥³ğŸ¥³ğŸ¥³ğŸ¥³ğŸ¥³ğŸ¥³ğŸ¥³ğŸ¥³ğŸ¥³ğŸ¥³ğŸ¥³ğŸ¥³ğŸ¥³ğŸ¥³ğŸ¥³ğŸ¥³ğŸ¥³ğŸ¥³ğŸ¥³ğŸ¥³ğŸ¥³ğŸ¥³ğŸ¥³ğŸ¥³ğŸ¥³ğŸ¥³ğŸ¥³ğŸ¥³ğŸ¥³ğŸ¥³ğŸ¥³ğŸ¥³ğŸ¥³ğŸ¥³ğŸ¥³ğŸ¥³ğŸ¥³ğŸ¥³ğŸ¥³ğŸ¥³ğŸ¥³ğŸ¥³ğŸ¥³ğŸ¥³ğŸ¥³ğŸ¥³ğŸ¥³ğŸ¥³ğŸ¥³ğŸ¥³ğŸ¥³ğŸ¥³ğŸ¥³ğŸ¥³ğŸ¥³ğŸ¥³ğŸ¥³ğŸ¥³ğŸ¥³ğŸ¥³ğŸ¥³ğŸ¥³ğŸ¥³ğŸ¥³ğŸ¥³ğŸ¥³ğŸ¥³ğŸ¥³ğŸ¥³ğŸ¥³ğŸ¥³ğŸ¥³ğŸ¥³ğŸ¥³ğŸ¥³ğŸ¥³ğŸ¥³ğŸ¥³ğŸ¥³ğŸ¥³ğŸ¥³ğŸ¥³ğŸ¥³ğŸ¥³ğŸ¥³ğŸ¥³ğŸ¥³ğŸ¥³ğŸ¥³ğŸ¥³ğŸ¥³ğŸ¥³ğŸ¥³ğŸ¥³ğŸ¥³ğŸ¥³ğŸ¥³ğŸ¥³ğŸ¥³ğŸ¥³ğŸ¥³ğŸ¥³ğŸ¥³ğŸ¥³ğŸ¥³ğŸ¥³ğŸ¥³ğŸ¥³ğŸ¥³ğŸ¥³ğŸ¥³ğŸ¥³ à¥¤#viral . .à¥¤#trending à¥¤#explorepage. à¥¤#rÍeÍeÍlÍkÍaÍrÍoÍfÍeÍeÍlÍkÍaÍrÍoÍ à¥¤#instadaily.â‚¹â‚¹@,5,292,ğŸ¥³ğŸ¥³ğŸ¥³ğŸ¥³ğŸ¥³ğŸ¥³ğŸ¥³ğŸ¥³ğŸ¥³ğŸ¥³ğŸ¥³ğŸ¥³ğŸ¥³ğŸ¥³ğŸ¥³ğŸ¥³ğŸ¥³ğŸ¥³ğŸ¥³ğŸ¥³ğŸ¥³ğŸ¥³ğŸ¥³ğŸ¥³ğŸ¥³ğŸ¥³ğŸ¥³ğŸ¥³ğŸ¥³ğŸ¥³ğŸ¥³ğŸ¥³ğŸ¥³ğŸ¥³ğŸ¥³ğŸ¥³ğŸ¥³ğŸ¥³ğŸ¥³ğŸ¥³ğŸ¥³ğŸ¥³ğŸ¥³ğŸ¥³ğŸ¥³ğŸ¥³ğŸ¥³ğŸ¥³ğŸ¥³ğŸ¥³ğŸ¥³ğŸ¥³ğŸ¥³ğŸ¥³ğŸ¥³ğŸ¥³ğŸ¥³ğŸ¥³ğŸ¥³ğŸ¥³ğŸ¥³ğŸ¥³ğŸ¥³ğŸ¥³ğŸ¥³ğŸ¥³ğŸ¥³ğŸ¥³ğŸ¥³ğŸ¥³ğŸ¥³ğŸ¥³ğŸ¥³ğŸ¥³ğŸ¥³ğŸ¥³ğŸ¥³ğŸ¥³ğŸ¥³ğŸ¥³ğŸ¥³ğŸ¥³ğŸ¥³ğŸ¥³ğŸ¥³ğŸ¥³ğŸ¥³ğŸ¥³ğŸ¥³ğŸ¥³ğŸ¥³ğŸ¥³ğŸ¥³ğŸ¥³ğŸ¥³ğŸ¥³ğŸ¥³ğŸ¥³ğŸ¥³ğŸ¥³ğŸ¥³ğŸ¥³ğŸ¥³ğŸ¥³ğŸ¥³ğŸ¥³ğŸ¥³ğŸ¥³ğŸ¥³ğŸ¥³ğŸ¥³ğŸ¥³ğŸ¥³ğŸ¥³ğŸ¥³ğŸ¥³ğŸ¥³ğŸ¥³ğŸ¥³ğŸ¥³ğŸ¥³ğŸ¥³ğŸ¥³ğŸ¥³ğŸ¥³ğŸ¥³ğŸ¥³ğŸ¥³ğŸ¥³ğŸ¥³ğŸ¥³ğŸ¥³ğŸ¥³ğŸ¥³ğŸ¥³ğŸ¥³ğŸ¥³ğŸ¥³ğŸ¥³ğŸ¥³ğŸ¥³ğŸ¥³ğŸ¥³ğŸ¥³ğŸ¥³ğŸ¥³ğŸ¥³ğŸ¥³ğŸ¥³ğŸ¥³ğŸ¥³ğŸ¥³ğŸ¥³ğŸ¥³ğŸ¥³ğŸ¥³ğŸ¥³ğŸ¥³ğŸ¥³ğŸ¥³ğŸ¥³ğŸ¥³ğŸ¥³ğŸ¥³ğŸ¥³ğŸ¥³ğŸ¥³ğŸ¥³ğŸ¥³ğŸ¥³ğŸ¥³ğŸ¥³ğŸ¥³ğŸ¥³ğŸ¥³ğŸ¥³ğŸ¥³ğŸ¥³ğŸ¥³ğŸ¥³ğŸ¥³ğŸ¥³ğŸ¥³ğŸ¥³ğŸ¥³ğŸ¥³ğŸ¥³ğŸ¥³ğŸ¥³ğŸ¥³ğŸ¥³ğŸ¥³ğŸ¥³ğŸ¥³ğŸ¥³ğŸ¥³ğŸ¥³ğŸ¥³ğŸ¥³ğŸ¥³ğŸ¥³ğŸ¥³ğŸ¥³ à¥¤viral  à¥¤trending à¥¤explorepage à¥¤rÍeÍeÍlÍkÍaÍrÍoÍfÍeÍeÍlÍkÍaÍrÍoÍ à¥¤instadailyâ‚¹â‚¹,ğŸ¥³ğŸ¥³ğŸ¥³ğŸ¥³ğŸ¥³ğŸ¥³ğŸ¥³ğŸ¥³ğŸ¥³ğŸ¥³ğŸ¥³ğŸ¥³ğŸ¥³ğŸ¥³ğŸ¥³ğŸ¥³ğŸ¥³ğŸ¥³ğŸ¥³ğŸ¥³ğŸ¥³ğŸ¥³ğŸ¥³ğŸ¥³ğŸ¥³ğŸ¥³ğŸ¥³ğŸ¥³ğŸ¥³ğŸ¥³ğŸ¥³ğŸ¥³ğŸ¥³ğŸ¥³ğŸ¥³ğŸ¥³ğŸ¥³ğŸ¥³ğŸ¥³ğŸ¥³ğŸ¥³ğŸ¥³ğŸ¥³ğŸ¥³ğŸ¥³ğŸ¥³ğŸ¥³ğŸ¥³ğŸ¥³ğŸ¥³ğŸ¥³ğŸ¥³ğŸ¥³ğŸ¥³ğŸ¥³ğŸ¥³ğŸ¥³ğŸ¥³ğŸ¥³ğŸ¥³ğŸ¥³ğŸ¥³ğŸ¥³ğŸ¥³ğŸ¥³ğŸ¥³ğŸ¥³ğŸ¥³ğŸ¥³ğŸ¥³ğŸ¥³ğŸ¥³ğŸ¥³ğŸ¥³ğŸ¥³ğŸ¥³ğŸ¥³ğŸ¥³ğŸ¥³ğŸ¥³ğŸ¥³ğŸ¥³ğŸ¥³ğŸ¥³ğŸ¥³ğŸ¥³ğŸ¥³ğŸ¥³ğŸ¥³ğŸ¥³ğŸ¥³ğŸ¥³ğŸ¥³ğŸ¥³ğŸ¥³ğŸ¥³ğŸ¥³ğŸ¥³ğŸ¥³ğŸ¥³ğŸ¥³ğŸ¥³ğŸ¥³ğŸ¥³ğŸ¥³ğŸ¥³ğŸ¥³ğŸ¥³ğŸ¥³ğŸ¥³ğŸ¥³ğŸ¥³ğŸ¥³ğŸ¥³ğŸ¥³ğŸ¥³ğŸ¥³ğŸ¥³ğŸ¥³ğŸ¥³ğŸ¥³ğŸ¥³ğŸ¥³ğŸ¥³ğŸ¥³ğŸ¥³ğŸ¥³ğŸ¥³ğŸ¥³ğŸ¥³ğŸ¥³ğŸ¥³ğŸ¥³ğŸ¥³ğŸ¥³ğŸ¥³ğŸ¥³ğŸ¥³ğŸ¥³ğŸ¥³ğŸ¥³ğŸ¥³ğŸ¥³ğŸ¥³ğŸ¥³ğŸ¥³ğŸ¥³ğŸ¥³ğŸ¥³ğŸ¥³ğŸ¥³ğŸ¥³ğŸ¥³ğŸ¥³ğŸ¥³ğŸ¥³ğŸ¥³ğŸ¥³ğŸ¥³ğŸ¥³ğŸ¥³ğŸ¥³ğŸ¥³ğŸ¥³ğŸ¥³ğŸ¥³ğŸ¥³ğŸ¥³ğŸ¥³ğŸ¥³ğŸ¥³ğŸ¥³ğŸ¥³ğŸ¥³ğŸ¥³ğŸ¥³ğŸ¥³ğŸ¥³ğŸ¥³ğŸ¥³ğŸ¥³ğŸ¥³ğŸ¥³ğŸ¥³ğŸ¥³ğŸ¥³ğŸ¥³ğŸ¥³ğŸ¥³ğŸ¥³ğŸ¥³ğŸ¥³ğŸ¥³ğŸ¥³ğŸ¥³ğŸ¥³ğŸ¥³ğŸ¥³ğŸ¥³ğŸ¥³ğŸ¥³ğŸ¥³ğŸ¥³ à¥¤viral à¥¤trending à¥¤explorepage à¥¤rÍeÍeÍlÍkÍaÍrÍoÍfÍeÍeÍlÍkÍaÍrÍoÍ à¥¤instadailyâ‚¹â‚¹,Negative,0,1,Unstructured Negative Feedback,1,Minor,NORMAL PRIORITY: Manual review required.
such a lie,1,10,such a lie,lie,Negative,1,1,Unstructured Negative Feedback,1,Minor,NORMAL PRIORITY: Manual review required.
Good,5,4,good,good,Positive,0,0,No Complaint,0,No Issue,No Action Needed
Very nice app,5,13,very nice app,nice app,Positive,0,0,No Complaint,0,No Issue,No Action Needed
good,1,4,good,good,Positive,1,0,No Complaint,0,No Issue,No Action Needed
Excellent App,4,13,excellent app,excellent app,Positive,0,0,No Complaint,0,No Issue,No Action Needed
amazing app to stay connected with all over the world,5,53,amazing app to stay connected with all over the world,amazing app stay connected world,Positive,0,0,No Complaint,0,No Issue,No Action Needed
"Trash. Gives shadow bans for no reason, doesn't have a place to talk. Should be abolished",1,89,trash gives shadow bans for no reason doesnt have a place to talk should be abolished,trash gives shadow bans reason doesnt place talk abolished,Negative,1,1,Account Access Issue,3,Critical,CRITICAL - Immediate Action: Escalate to Account Security Team for verification.
Ø®ÛŒÙ„ÛŒ Ø¹Ø§Ù„ÛŒØ¹ Ù†Ø§Ù…ÙˆØ³Ø§ ÙØ§Ù„Ùˆ Ú©Ù†ÛŒØ¯ taha_nvxx,5,37,Ø®ÛŒÙ„ÛŒ Ø¹Ø§Ù„ÛŒØ¹ Ù†Ø§Ù…ÙˆØ³Ø§ ÙØ§Ù„Ùˆ Ú©Ù†ÛŒØ¯ tahanvxx,Ø®ÛŒÙ„ÛŒ Ø¹Ø§Ù„ÛŒØ¹ Ù†Ø§Ù…ÙˆØ³Ø§ ÙØ§Ù„Ùˆ Ú©Ù†ÛŒØ¯ tahanvxx,Negative,0,1,Unstructured Negative Feedback,1,Minor,NORMAL PRIORITY: Manual review required.
ğŸ‘ğŸ‘ğŸ‘ğŸ‘ğŸ‘ğŸ‘ğŸ‘,5,7,ğŸ‘ğŸ‘ğŸ‘ğŸ‘ğŸ‘ğŸ‘ğŸ‘,ğŸ‘ğŸ‘ğŸ‘ğŸ‘ğŸ‘ğŸ‘ğŸ‘,Negative,0,1,Unstructured Negative Feedback,1,Minor,NORMAL PRIORITY: Manual review required.
guys don't use this app ğŸ¥² unless you want to be cooked ğŸšğŸ™,1,57,guys dont use this app ğŸ¥² unless you want to be cooked ğŸšğŸ™,guys dont use app ğŸ¥² unless want cooked ğŸšğŸ™,Negative,1,1,Unstructured Negative Feedback,1,Minor,NORMAL PRIORITY: Manual review required.
real madrid the best,5,20,real madrid the best,real madrid best,Positive,0,0,No Complaint,0,No Issue,No Action Needed
Ø¹Ø§Ù„ÛŒ ÛŒÙ‡ Ø¨Ø±Ù†Ø§Ù…Ù‡ ÙÙˆÙ‚ Ø§Ù„Ø¹Ø§Ø¯Ù‡ Ù…Ø±Ø³ÛŒ,5,30,Ø¹Ø§Ù„ÛŒ ÛŒÙ‡ Ø¨Ø±Ù†Ø§Ù…Ù‡ ÙÙˆÙ‚ Ø§Ù„Ø¹Ø§Ø¯Ù‡ Ù…Ø±Ø³ÛŒ,Ø¹Ø§Ù„ÛŒ ÛŒÙ‡ Ø¨Ø±Ù†Ø§Ù…Ù‡ ÙÙˆÙ‚ Ø§Ù„Ø¹Ø§Ø¯Ù‡ Ù…Ø±Ø³ÛŒ,Negative,0,1,Unstructured Negative Feedback,1,Minor,NORMAL PRIORITY: Manual review required.
I love it good quility,5,22,i love it good quility,love good quility,Positive,0,0,No Complaint,0,No Issue,No Action Needed
good ğŸ˜ŠğŸ‘ğŸ†—,5,8,good ğŸ˜ŠğŸ‘ğŸ†—,good ğŸ˜ŠğŸ‘ğŸ†—,Positive,0,0,No Complaint,0,No Issue,No Action Needed
super great,5,11,super great,super great,Positive,0,0,No Complaint,0,No Issue,No Action Needed
IlkeYou,5,7,ilkeyou,ilkeyou,Positive,0,0,No Complaint,0,No Issue,No Action Needed
good,5,4,good,good,Positive,0,0,No Complaint,0,No Issue,No Action Needed
"It's mind boggling that a billion-dollar company in 2026 can't find developers who can actually do something. The Android app is pathetic, videos are still incredibly compressed when uploaded, posting stories is generally buggy, the animations are basically non-existent. Moreover, everyone and literally everyone wants to see posts from people they follow on the homepage, not from sponsored accounts. Again, it's 2026. Indie apps look and work better.",1,453,its mind boggling that a billiondollar company in  cant find developers who can actually do something the android app is pathetic videos are still incredibly compressed when uploaded posting stories is generally buggy the animations are basically nonexistent moreover everyone and literally everyone wants to see posts from people they follow on the homepage not from sponsored accounts again its  indie apps look and work better,mind boggling billiondollar company cant find developers actually something android app pathetic videos still incredibly compressed uploaded posting stories generally buggy animations basically nonexistent moreover everyone literally everyone wants see posts people follow homepage sponsored accounts indie apps look work better,Negative,1,1,Account Access Issue,1,Minor,NORMAL PRIORITY: Escalate to Account Security Team for verification.
nice application,5,16,nice application,nice application,Positive,0,0,No Complaint,0,No Issue,No Action Needed
"i want to change the password of my instagram id but when I try to change it shows that 'we sent a link to change password' but that link never delivered to me and when I try again it shows that something want wrong, so this app is so nice but I request to the tech team to fix my problem",2,288,i want to change the password of my instagram id but when i try to change it shows that we sent a link to change password but that link never delivered to me and when i try again it shows that something want wrong so this app is so nice but i request to the tech team to fix my problem,want change password instagram id try change shows sent link change password link never delivered try shows something want wrong app nice request tech team fix problem,Negative,1,1,Unstructured Negative Feedback,2,Moderate,HIGH PRIORITY: Manual review required.
fine,4,4,fine,fine,Positive,0,0,No Complaint,0,No Issue,No Action Needed
This app is performance is well,5,31,this app is performance is well,app performance well,Positive,0,0,No Complaint,0,No Issue,No Action Needed
best Aaaplication,5,17,best aaaplication,best aaaplication,Positive,0,0,No Complaint,0,No Issue,No Action Needed
i love you instagram,5,20,i love you instagram,love instagram,Positive,0,0,No Complaint,0,No Issue,No Action Needed
good,5,4,good,good,Positive,0,0,No Complaint,0,No Issue,No Action Needed
I love Instagram â¤ï¸,5,19,i love instagram â¤ï¸,love instagram â¤ï¸,Positive,0,0,No Complaint,0,No Issue,No Action Needed
meri id apne aap suspend ho gai appeal krne pr bhi log in nhi ho rhi worst app h ye,1,83,meri id apne aap suspend ho gai appeal krne pr bhi log in nhi ho rhi worst app h ye,meri id apne aap suspend ho gai appeal krne pr bhi log nhi ho rhi worst app h ye,Negative,1,1,Emotional Dissatisfaction,3,Critical,CRITICAL - Immediate Action: Manual review required.
amazing,5,7,amazing,amazing,Positive,0,0,No Complaint,0,No Issue,No Action Needed
child abuser I recommend to do not use this app,1,47,child abuser i recommend to do not use this app,child abuser recommend use app,Negative,1,1,Community Issue,1,Minor,NORMAL PRIORITY: Manual review required.
good app,5,8,good app,good app,Positive,0,0,No Complaint,0,No Issue,No Action Needed
â¤ï¸,5,2,â¤ï¸,â¤ï¸,Negative,0,1,Unstructured Negative Feedback,1,Minor,NORMAL PRIORITY: Manual review required.
I am satisfied very nice app ğŸ˜ŠğŸ˜ŠğŸ˜Š,5,32,i am satisfied very nice app ğŸ˜ŠğŸ˜ŠğŸ˜Š,satisfied nice app ğŸ˜ŠğŸ˜ŠğŸ˜Š,Positive,0,0,No Complaint,0,No Issue,No Action Needed
nah aya hota tu toh acha hota bhai,1,34,nah aya hota tu toh acha hota bhai,nah aya hota tu toh acha hota bhai,Negative,1,1,Unstructured Negative Feedback,1,Minor,NORMAL PRIORITY: Manual review required.
increase,4,8,increase,increase,Positive,0,0,No Complaint,0,No Issue,No Action Needed
the best app,5,12,the best app,best app,Positive,0,0,No Complaint,0,No Issue,No Action Needed
Msg notification ashena,1,23,msg notification ashena,msg notification ashena,Negative,1,1,Notification Issue,1,Minor,NORMAL PRIORITY: Check push notification service and server logs.
wow!,5,4,wow,wow,Positive,0,0,No Complaint,0,No Issue,No Action Needed
good,4,4,good,good,Positive,0,0,No Complaint,0,No Issue,No Action Needed
